bot_type,timestamp
intelligent,2026-03-21 22:11:20
intelligent,2026-03-21 22:13:07
intelligent,2026-03-22 02:49:49
intelligent,2026-03-22 02:49:51
intelligent,2026-04-07 01:00:57
intelligent,2026-04-07 01:01:42
intelligent,2026-04-07 01:25:15
intelligent,2026-04-08 13:08:58
intelligent,2026-04-08 18:31:53
intelligent,2026-04-08 18:31:55
intelligent,2026-04-08 19:33:21
intelligent,2026-04-08 19:45:42
intelligent,2026-04-08 19:50:44
intelligent,2026-04-08 19:53:22
intelligent,2026-04-09 13:55:32
intelligent,2026-04-09 13:58:30
intelligent,2026-04-09 14:36:54
intelligent,2026-04-09 14:46:52
intelligent,2026-04-09 15:00:20
intelligent,2026-04-09 15:00:38
intelligent,2026-04-09 15:32:09
intelligent,2026-04-09 23:49:40
intelligent,2026-04-10 16:23:22
